FractureX[m],FractureY[m],FractureZ[m],FractureRadius[m],Trend[deg],Plunge[deg],Strike[deg],Dip_Angle[deg],Aperture[m],Permeability[m2],Compressibility[1/kPa],Area[m2],Fracture ID
173.326,238.374,367.757,150,85,0,175,90,5e-05,1e-14,7.2e-06,70685.83471,3
163.669,237.333,372.246,150,85,0,175,90,5e-05,1e-14,7.2e-06,70685.83471,4
10.59,220.837,443.412,150,85,0,175,90,5e-05,1e-14,7.2e-06,70685.83471,8
3.331,220.055,446.787,150,85,0,175,90,5e-05,1e-14,7.2e-06,70685.83471,9
-83.637,210.683,487.219,150,85,0,175,90,5e-05,1e-14,7.2e-06,70685.83471,17