index,x,y,z,fractureID
1,173.3267902347,238.3649675763,317.7711687694,3.0
2,163.6697730725,237.3241637408,322.2608010408,4.0
3,10.5909799924,220.8257986353,393.4284792113,8.0
4,3.3320105757,220.0434490667,396.8032379804,9.0
5,-83.6358901331,210.6703141636,437.2353804364,17.0
